{
  "[forge]ctov-3.4.11.jar": {
    "modId": "ctov",
    "version": "3.4.11"
  },
  "acedium-0.2.7-beta.jar": {
    "modId": "acedium",
    "version": "0.2.7-beta"
  },
  "Adorn-5.0.1+1.20.1-forge.jar": {
    "modId": "adorn",
    "version": "5.0.1+1.20.1"
  },
  "aeroblender-1.20.1-1.0.1-neoforge.jar": {
    "modId": "aeroblender",
    "version": "1.20.1-1.0.1-neoforge"
  },
  "aether-1.20.1-1.4.2-neoforge.jar": {
    "modId": "aether",
    "version": "1.20.1-1.4.2-neoforge"
  },
  "aether_enhanced_extinguishing-1.20.1-1.0.0-neoforge.jar": {
    "modId": "aether_enhanced_extinguishing",
    "version": "1.20.1-1.0.0-neoforge"
  },
  "Alex\u0027s Mobs Music Mod 1.20.1 v1.1.0.jar": {
    "modId": "alexs_mobs_extra_music",
    "version": "1.1.0"
  },
  "alexsmobs-1.22.9.jar": {
    "modId": "alexsmobs",
    "version": "1.22.9"
  },
  "allurement-1.20.1-4.0.0.jar": {
    "modId": "allurement",
    "version": "4.0.0"
  },
  "alternate_current-mc1.20-1.7.0.jar": {
    "modId": "alternate_current",
    "version": "1.7.0"
  },
  "amendments-1.20-1.2.16.jar": {
    "modId": "amendments",
    "version": "1.20-1.2.16"
  },
  "Amplified_Nether_1.20.x_v1.2.5.jar": {
    "modId": "amplified_nether",
    "version": "1.2.5"
  },
  "another_furniture-forge-1.20.1-3.0.1.jar": {
    "modId": "another_furniture",
    "version": "1.20.1-3.0.1"
  },
  "Apotheosis-1.20.1-7.4.6.jar": {
    "modId": "apotheosis",
    "version": "7.4.6"
  },
  "ApotheoticAdditionsV2.1.jar": {
    "modId": "apotheotic_additions",
    "version": "2.1"
  },
  "ApothicAttributes-1.20.1-1.3.7.jar": {
    "modId": "attributeslib",
    "version": "1.3.7"
  },
  "appleskin-forge-mc1.20.1-2.5.1.jar": {
    "modId": "appleskin",
    "version": "2.5.1+mc1.20.1"
  },
  "architectury-9.2.14-forge.jar": {
    "modId": "architectury",
    "version": "9.2.14"
  },
  "ars_elemental-1.20.1-0.6.7.7.jar": {
    "modId": "ars_elemental",
    "version": "0.6.7.7"
  },
  "ars_nouveau-1.20.1-4.12.6-all.jar": {
    "modId": "ars_nouveau",
    "version": "4.12.6"
  },
  "AttributeFix-Forge-1.20.1-21.0.4.jar": {
    "modId": "attributefix",
    "version": "21.0.4"
  },
  "AutoRestart-1.20.1-2.0.2.jar": {
    "modId": "auto_restart",
    "version": "2.0.2"
  },
  "BadMobs-1.20.1-19.0.4.jar": {
    "modId": "badmobs",
    "version": "19.0.4"
  },
  "BadOptimizations-2.2.1-1.20.1.jar": {
    "modId": "badoptimizations",
    "version": "2.2.1"
  },
  "bagus_lib-1.20.1-5.3.0.jar": {
    "modId": "bagus_lib",
    "version": "1.20.1-5.3.0"
  },
  "balm-forge-1.20.1-7.3.11-all.jar": {
    "modId": "balm",
    "version": "7.3.11"
  },
  "beekeeperhut-forge-mc1.20.1-2.0.1.jar": {
    "modId": "beekeeperhut",
    "version": "2.0.1"
  },
  "berry_good-1.20.1-7.0.0.jar": {
    "modId": "berry_good",
    "version": "7.0.0"
  },
  "Better Tags-1.20.1-1.4.jar": {
    "modId": "bettertags",
    "version": "1.4"
  },
  "BetterAdvancements-Forge-1.20.1-0.4.2.25.jar": {
    "modId": "betteradvancements",
    "version": "0.4.2.25"
  },
  "BetterAnimationsCollection-v8.0.0-1.20.1-Forge.jar": {
    "modId": "betteranimationscollection",
    "version": "8.0.0"
  },
  "betterchunkloading-1.20.1-5.3.jar": {
    "modId": "betterchunkloading",
    "version": "1.20.1-5.3"
  },
  "BetterF3-7.0.2-Forge-1.20.1.jar": {
    "modId": "betterf3",
    "version": "7.0.2"
  },
  "Beyond-Earth-1.20.1-7.0-PRERELEASE.jar": {
    "modId": "beyond_earth",
    "version": "7.0-PRERELEASE"
  },
  "bfendcities-1.0.jar": {
    "modId": "bfendcities",
    "version": "1.0"
  },
  "biomemusic-1.20.1-3.1.jar": {
    "modId": "biomemusic",
    "version": "1.20.1-3.1"
  },
  "blue_skies-1.20.1-1.3.31.jar": {
    "modId": "blue_skies",
    "version": "1.3.31"
  },
  "blueprint-1.20.1-7.1.1.jar": {
    "modId": "blueprint",
    "version": "7.1.1"
  },
  "BoatBreakFix-Universal-1.0.2.jar": {
    "modId": "boatbreakfix",
    "version": "1.0.2"
  },
  "boatload-1.20.1-5.0.1.jar": {
    "modId": "boatload",
    "version": "5.0.1"
  },
  "Bookshelf-Forge-1.20.1-20.2.13.jar": {
    "modId": "bookshelf",
    "version": "20.2.13"
  },
  "botarium-forge-1.20.1-2.3.4.jar": {
    "modId": "botarium",
    "version": "2.3.4"
  },
  "bygonenether-1.3.2-1.20.x.jar": {
    "modId": "bygonenether",
    "version": "1.3.2"
  },
  "caelus-forge-3.2.0+1.20.1.jar": {
    "modId": "caelus",
    "version": "3.2.0+1.20.1"
  },
  "callablehorses-1.20.1-1.3.0.1.jar": {
    "modId": "callablehorses",
    "version": "1.3.0.1"
  },
  "canary-mc1.20.1-0.3.3.jar": {
    "modId": "canary",
    "version": "0.3.3"
  },
  "cant_sleep_clowns_will_eat_me-1.20.1-1.1.0.1.jar": {
    "modId": "cant_sleep_clowns_will_eat_me",
    "version": "1.1.0.1"
  },
  "carpeted-1.20-1.4.jar": {
    "modId": "carpeted",
    "version": "1.20-1.4"
  },
  "carryon-forge-1.20.1-2.1.2.7.jar": {
    "modId": "carryon",
    "version": "2.1.2.7"
  },
  "castle_in_the_sky-1.20.1-0.6.0.jar": {
    "modId": "castle_in_the_sky",
    "version": "1.20.1"
  },
  "CHA-S-1.20-forge.jar": {
    "modId": "chas",
    "version": "1.20"
  },
  "Chimes-v2.0.1-1.20.1.jar": {
    "modId": "chimes",
    "version": "2.0.1"
  },
  "chisels-and-bits-forge-1.4.148.jar": {
    "modId": "chiselsandbits",
    "version": "1.4.148"
  },
  "chunkloaders-1.2.8a-forge-mc1.20.1.jar": {
    "modId": "chunkloaders",
    "version": "1.2.8a"
  },
  "chunksending-1.20.1-2.8.jar": {
    "modId": "chunksending",
    "version": "1.20.1-2.8"
  },
  "Chunky-1.3.146.jar": {
    "modId": "chunky",
    "version": "1.3.146"
  },
  "citadel-2.6.1-1.20.1.jar": {
    "modId": "citadel",
    "version": "2.6.1"
  },
  "clayworks-1.20.1-3.0.2.jar": {
    "modId": "clayworks",
    "version": "3.0.2"
  },
  "clienttweaks-forge-1.20-11.1.0.jar": {
    "modId": "clienttweaks",
    "version": "11.1.0"
  },
  "cloth-config-11.1.136-forge.jar": {
    "modId": "cloth_config",
    "version": "11.1.136"
  },
  "CodeChickenLib-1.20.1-4.4.0.516-universal.jar": {
    "modId": "codechickenlib",
    "version": "4.4.0.516"
  },
  "connectivity-1.20.1-6.5.jar": {
    "modId": "connectivity",
    "version": "1.20.1-6.5"
  },
  "Connector-1.0.0-beta.46+1.20.1.jar": {},
  "Controller Support-1.20.1-9.0.3-Forge.jar": {
    "modId": "controllermod",
    "version": "9.0.3"
  },
  "Controlling-forge-1.20.1-12.0.2.jar": {
    "modId": "controlling",
    "version": "12.0.2"
  },
  "Corgilib-Forge-1.20.1-4.0.3.3.jar": {
    "modId": "corgilib",
    "version": "4.0.3.3"
  },
  "CraftPresence-2.5.3+1.20.1-forge.jar": {
    "modId": "craftpresence",
    "version": "2.5.3"
  },
  "CraftTweaker-forge-1.20.1-14.0.53.jar": {
    "modId": "crafttweaker",
    "version": "14.0.53"
  },
  "crash_assistant-forge-1.3.2.jar": {
    "modId": "crash_assistant",
    "version": "1.3.2"
  },
  "crashutilities-8.1.4.jar": {
    "modId": "crashutilities",
    "version": "8.1.4"
  },
  "create-1.20.1-0.5.1.j.jar": {
    "modId": "create",
    "version": "0.5.1.j"
  },
  "createaddition-1.20.1-1.2.5.jar": {
    "modId": "createaddition",
    "version": "1.20.1-1.2.5"
  },
  "CreativeCore_FORGE_v2.12.31_mc1.20.1.jar": {
    "modId": "creativecore",
    "version": "2.12.31"
  },
  "creeperoverhaul-3.0.2-forge.jar": {
    "modId": "creeperoverhaul",
    "version": "3.0.2"
  },
  "crittersandcompanions-forge-2.2.2.jar": {
    "modId": "crittersandcompanions",
    "version": "2.2.2"
  },
  "cupboard-1.20.1-2.7.jar": {
    "modId": "cupboard",
    "version": "1.20.1-2.7"
  },
  "curios-forge-5.11.1+1.20.1.jar": {
    "modId": "curios",
    "version": "5.11.1+1.20.1"
  },
  "CustomStartingGear-1.20-2.0.3.jar": {
    "modId": "customstartinggear",
    "version": "2.0.3"
  },
  "DeathCounter-1.20.1-Forge-1.4.0.jar": {
    "modId": "deathcounter",
    "version": "1.4.0"
  },
  "DeathKnell-Forge-1.20.1-10.0.4.jar": {
    "modId": "deathknell",
    "version": "10.0.4"
  },
  "deeperdarker-forge-1.20.1-1.3.3.jar": {
    "modId": "deeperdarker",
    "version": "1.3.3"
  },
  "defaultoptions-forge-1.20-18.0.1.jar": {
    "modId": "defaultoptions",
    "version": "18.0.1"
  },
  "dimdungeons-194-forge-1.20.1.jar": {
    "modId": "dimdungeons",
    "version": "194"
  },
  "Disenchanting-forge-1.20.1-2.2.4.jar": {
    "modId": "disenchanting",
    "version": "2.2.3"
  },
  "Display Case-forge-1.20-1.0.8.jar": {
    "modId": "display_case",
    "version": "1.0.8"
  },
  "domesticationinnovation-1.7.1-1.20.1.jar": {
    "modId": "domesticationinnovation",
    "version": "1.7.1"
  },
  "dragonmounts-1.20.1-1.2.3-beta.jar": {
    "modId": "dragonmounts",
    "version": "1.2.3-beta"
  },
  "dummmmmmy-1.20-2.0.2.jar": {
    "modId": "dummmmmmy",
    "version": "1.20-2.0.2"
  },
  "EasierShulkers-1.20.2-1.1.0.jar": {
    "modId": "easiershulkers",
    "version": "1.1.0"
  },
  "EasierSleeping-1.20.1-2.1.3.jar": {
    "modId": "easier_sleeping",
    "version": "2.1.3"
  },
  "easy-villagers-forge-1.20.1-1.1.23.jar": {
    "modId": "easy_villagers",
    "version": "1.20.1-1.1.23"
  },
  "EasyEmerald-Forge-1.20.1-1.5.8.jar": {
    "modId": "easy_emerald",
    "version": "1.5.8"
  },
  "ecologics-forge-1.20.1-2.2.0.jar": {
    "modId": "ecologics",
    "version": "2.2.0"
  },
  "elevatorid-1.20.1-lex-1.9.jar": {
    "modId": "elevatorid",
    "version": "1.20.1-lex-1.9"
  },
  "embeddium-0.3.31+mc1.20.1.jar": {
    "modId": "embeddium",
    "version": "0.3.31+mc1.20.1"
  },
  "embeddiumplus-1.20.1-v1.2.13.jar": {
    "modId": "embeddiumplus",
    "version": "1.2.13"
  },
  "EnchantmentDescriptions-Forge-1.20.1-17.1.19.jar": {
    "modId": "enchdesc",
    "version": "17.1.19"
  },
  "enchantwithmob-1.20.1-11.13.1.jar": {
    "modId": "enchantwithmob",
    "version": "1.20.1-11.13.1"
  },
  "endermanoverhaul-forge-1.20.1-1.0.4.jar": {
    "modId": "endermanoverhaul",
    "version": "1.0.4"
  },
  "EnderStorage-1.20.1-2.11.0.188-universal.jar": {
    "modId": "enderstorage",
    "version": "2.11.0.188"
  },
  "endertrigon-1.20.1-1.1-all.jar": {
    "modId": "endertrigon",
    "version": "1.20.1-1.1"
  },
  "endrem_forge-5.3.3-R-1.20.1.jar": {
    "modId": "endrem",
    "version": "5.3.3-R-1.20.1"
  },
  "enemyexpansion-2.3.1-forge-1.20.1.jar": {
    "modId": "enemyexpansion",
    "version": "2.3.1"
  },
  "entangled-1.3.20-forge-mc1.20.4.jar": {
    "modId": "entangled",
    "version": "1.3.20"
  },
  "entityculling-forge-1.7.2-mc1.20.1.jar": {
    "modId": "entityculling",
    "version": "1.7.2"
  },
  "essential_1-3-5-6_forge_1-20-1.jar": {},
  "evenmoreinstruments-1.20-1.20.1-6.1.3.jar": {
    "modId": "evenmoreinstruments",
    "version": "6.1.3"
  },
  "everycomp-1.20-2.7.15.jar": {
    "modId": "everycomp",
    "version": "1.20-2.7.15"
  },
  "fabric-api-0.92.2+1.11.11+1.20.1.jar": {
    "modId": "fabric_api",
    "version": "0.92.2+1.11.11+1.20.1"
  },
  "Fallingleaves-1.20.1-2.1.0.jar": {
    "modId": "fallingleaves",
    "version": "2.1.0"
  },
  "FarmersDelight-1.20.1-1.2.6.jar": {
    "modId": "farmersdelight",
    "version": "1.20.1-1.2.6"
  },
  "farsight-1.20.1-3.7.jar": {
    "modId": "farsight_view",
    "version": "1.20.1-3.7"
  },
  "fast-ip-ping-v1.0.5-mc1.20.4-forge.jar": {
    "modId": "fastipping",
    "version": "1.0.5"
  },
  "FastFurnace-1.20.1-8.0.2.jar": {
    "modId": "fastfurnace",
    "version": "8.0.2"
  },
  "FastSuite-1.20.1-5.0.1.jar": {
    "modId": "fastsuite",
    "version": "5.0.1"
  },
  "FastWorkbench-1.20.1-8.0.4.jar": {
    "modId": "fastbench",
    "version": "8.0.4"
  },
  "Female-Gender-Mod-forge-1.20.1-3.1.jar": {
    "modId": "wildfire_gender",
    "version": "1.20.1-3.0.1"
  },
  "ferritecore-6.0.1-forge.jar": {
    "modId": "ferritecore",
    "version": "6.0.1"
  },
  "flowerymooblooms-forge-mc1.20.1-2.0.2.jar": {
    "modId": "flowerymooblooms",
    "version": "2.0.2"
  },
  "FpsReducer2-forge-1.20-2.5.jar": {
    "modId": "fpsreducer",
    "version": "1.20-2.5"
  },
  "framework-forge-1.20.1-0.7.12.jar": {
    "modId": "framework",
    "version": "0.7.12"
  },
  "friendsandfoes-forge-mc1.20.1-3.0.7.jar": {
    "modId": "friendsandfoes",
    "version": "3.0.7"
  },
  "furnitury-2.0502-forge-1.20.1.jar": {
    "modId": "furnitury",
    "version": "2.0502-forge-1.20.1"
  },
  "fusion-1.2.3-forge-mc1.20.1.jar": {
    "modId": "fusion",
    "version": "1.2.3"
  },
  "geckolib-forge-1.20.1-4.7.jar": {
    "modId": "geckolib",
    "version": "4.7"
  },
  "genshinstrument-1.20-1.20.1-4.0.2.jar": {
    "modId": "genshinstrument",
    "version": "4.0.2"
  },
  "GlitchCore-forge-1.20.1-0.0.1.1.jar": {
    "modId": "glitchcore",
    "version": "0.0.1.1"
  },
  "goblintraders-forge-1.20.1-1.9.3.jar": {
    "modId": "goblintraders",
    "version": "1.9.3"
  },
  "goldenhopper-forge-1.20.1-1.4.1.jar": {
    "modId": "goldenhopper",
    "version": "1.4.1"
  },
  "golemsarefriends-1.20.0-1.0.1.jar": {
    "modId": "golemsarefriends",
    "version": "1.20.0-1.0.1"
  },
  "GoodEnding-1.20.1-1.0.1-Forge.jar": {
    "modId": "goodending",
    "version": "1.20.1-1.0.1"
  },
  "gottschcore-1.20.1-2.3.0.jar": {
    "modId": "gottschcore",
    "version": "2.3.0"
  },
  "gpumemleakfix-1.20.1-1.8.jar": {
    "modId": "gpumemleakfix",
    "version": "1.20.1-1.8"
  },
  "gravestone-forge-1.20.1-1.0.24.jar": {
    "modId": "gravestone",
    "version": "1.20.1-1.0.24"
  },
  "HammerLib-1.20.1-20.1.48.jar": {
    "modId": "hammerlib",
    "version": "20.1.48"
  },
  "HorseExpert-v8.1.1-1.20.1-Forge.jar": {
    "modId": "horseexpert",
    "version": "8.1.1"
  },
  "iChunUtil-1.20.1-Forge-1.0.3.jar": {
    "modId": "ichunutil",
    "version": "1.0.3"
  },
  "illageandspillagerespillaged-1.2.8.jar": {
    "modId": "illageandspillage",
    "version": "1.2.8"
  },
  "imfast-FORGE-1.20.1-1.0.2.jar": {
    "modId": "imfast",
    "version": "1.0.2"
  },
  "ImmediatelyFast-Forge-1.3.4+1.20.4.jar": {
    "modId": "immediatelyfast",
    "version": "1.3.4+1.20.4"
  },
  "immersive_paintings-0.6.7+1.20.1-forge.jar": {
    "modId": "immersive_paintings",
    "version": "0.6.7+1.20.1"
  },
  "InsaneLib-1.18.0-mc1.20.1.jar": {
    "modId": "insanelib",
    "version": "1.18.0"
  },
  "integrated_api-1.5.1+1.20.1-forge.jar": {
    "modId": "integrated_api",
    "version": "1.5.1+1.20.1-forge"
  },
  "inventorypets-1.20.1-2.1.3.jar": {
    "modId": "inventorypets",
    "version": "2.1.3"
  },
  "irons_spellbooks-1.20.1-3.4.0.7.jar": {
    "modId": "irons_spellbooks",
    "version": "1.20.1-3.4.0.7"
  },
  "ItemPhysic_FORGE_v1.8.4_mc1.20.1.jar": {
    "modId": "itemphysic",
    "version": "1.8.4"
  },
  "iwannaskate-1.2.0.jar": {
    "modId": "iwannaskate",
    "version": "1.2.0"
  },
  "Jade-1.20.1-Forge-11.12.3.jar": {
    "modId": "jade",
    "version": "11.12.3+forge"
  },
  "keebszs_battletowers_0.6.0-1.20.1BETA.jar": {
    "modId": "keebszs_battle_towers",
    "version": "0.6.0-1.20.1"
  },
  "kleeslabs-forge-1.20-15.0.4.jar": {
    "modId": "kleeslabs",
    "version": "15.0.4"
  },
  "kotlinforforge-4.11.0-all.jar": {},
  "L_Enders_Cataclysm-2.46- 1.20.1.jar": {
    "modId": "cataclysm",
    "version": "2.45"
  },
  "LeaveMyBarsAlone-v8.0.0-1.20.1-Forge.jar": {
    "modId": "leavemybarsalone",
    "version": "8.0.0"
  },
  "LibX-1.20.1-5.0.12.jar": {
    "modId": "libx",
    "version": "1.20.1-5.0.12"
  },
  "limitedchunks-1.20.1-4.1.jar": {
    "modId": "limitedchunks",
    "version": "1.8"
  },
  "lionfishapi-2.4-Fix.jar": {
    "modId": "lionfishapi",
    "version": "2.4-Fix"
  },
  "lithostitched-forge-1.20.1-1.4.jar": {
    "modId": "lithostitched",
    "version": "1.4"
  },
  "lmft-1.0.4+1.20.1-forge.jar": {
    "modId": "lmft",
    "version": "1.0.4+1.20.1"
  },
  "lucky-block-forge-1.20.1-13.0.jar": {
    "modId": "lucky",
    "version": "1.20.1-13.0"
  },
  "Mantle-1.20.1-1.11.36.jar": {
    "modId": "mantle",
    "version": "1.11.36"
  },
  "mavapi-1.1.4-mc1.20.1.jar": {
    "modId": "mavapi",
    "version": "1.1.4"
  },
  "mavm-1.2.6-mc1.20.1.jar": {
    "modId": "mavm",
    "version": "1.2.6"
  },
  "mcw-bridges-3.0.0-mc1.20.1forge.jar": {
    "modId": "mcwbridges",
    "version": "3.0.0"
  },
  "mcw-doors-1.1.2-mc1.20.1forge.jar": {
    "modId": "mcwdoors",
    "version": "1.1.2"
  },
  "mcw-fences-1.1.2-mc1.20.1forge.jar": {
    "modId": "mcwfences",
    "version": "1.1.2"
  },
  "mcw-furniture-3.3.0-mc1.20.1forge.jar": {
    "modId": "mcwfurnitures",
    "version": "3.3.0"
  },
  "mcw-holidays-1.1.0-mc1.20.1forge.jar": {
    "modId": "mcwholidays",
    "version": "1.1.0"
  },
  "mcw-lights-1.1.0-mc1.20.1forge.jar": {
    "modId": "mcwlights",
    "version": "1.1.0"
  },
  "mcw-paintings-1.0.5-1.20.1forge.jar": {
    "modId": "mcwpaintings",
    "version": "1.0.5"
  },
  "mcw-paths-1.0.5-1.20.1forge.jar": {
    "modId": "mcwpaths",
    "version": "1.0.5"
  },
  "mcw-roofs-2.3.1-mc1.20.1forge.jar": {
    "modId": "mcwroofs",
    "version": "2.3.1"
  },
  "mcw-stairs-1.0.0-1.20.1forge.jar": {
    "modId": "mcwstairs",
    "version": "1.0.0"
  },
  "mcw-trapdoors-1.1.4-mc1.20.1forge.jar": {
    "modId": "mcwtrpdoors",
    "version": "1.1.4"
  },
  "mcw-windows-2.3.0-mc1.20.1forge.jar": {
    "modId": "mcwwindows",
    "version": "2.3.0"
  },
  "memorysettings-1.20.1-5.9.jar": {
    "modId": "memorysettings",
    "version": "1.20.1-5.9"
  },
  "minecraft-comes-alive-7.6.1+1.20.1-universal.jar": {
    "modId": "mca",
    "version": "7.6.1+1.20.1"
  },
  "MineTraps-1.20.2-(v.2.3.0a).jar": {
    "modId": "minetraps",
    "version": "2.3.0a"
  },
  "mixininheaven-mc1.17.1-1.20-v0.0.1-hotfix.jar": {
    "modId": "mixininheaven",
    "version": "0.0.1"
  },
  "modernfix-forge-5.20.2+mc1.20.1.jar": {
    "modId": "modernfix",
    "version": "5.20.2+mc1.20.1"
  },
  "moonlight-1.20-2.13.58-forge.jar": {
    "modId": "moonlight",
    "version": "1.20-2.13.58"
  },
  "moremobvariants-forge+1.20.1-1.3.0.1.jar": {
    "modId": "moremobvariants",
    "version": "1.3.0.1"
  },
  "MouseTweaks-forge-mc1.20.1-2.25.1.jar": {
    "modId": "mousetweaks",
    "version": "2.25.1"
  },
  "mowziesmobs-1.6.5.jar": {
    "modId": "mowziesmobs",
    "version": "1.6.4"
  },
  "MyServerIsCompatible-1.20-1.0.jar": {
    "modId": "myserveriscompatible",
    "version": "1.0"
  },
  "naturalist-forge-4.0.3-1.20.1.jar": {
    "modId": "naturalist",
    "version": "4.0.3"
  },
  "Necronomicon-Forge-1.6.0+1.20.1.jar": {
    "modId": "necronomicon",
    "version": "1.6.0"
  },
  "nemos-inventory-sorting-Forge-1.20.1-1.7.2-all.jar": {
    "modId": "nemos_inventory_sorting",
    "version": "1.7.2"
  },
  "netherportalfix-forge-1.20-13.0.1.jar": {
    "modId": "netherportalfix",
    "version": "13.0.1"
  },
  "noisium-forge-2.3.0+mc1.20-1.20.1.jar": {
    "modId": "noisium",
    "version": "2.3.0+mc1.20-1.20.1"
  },
  "notenoughanimations-forge-1.9.2-mc1.20.1.jar": {
    "modId": "notenoughanimations",
    "version": "1.9.2"
  },
  "notenoughcrashes-4.4.7+1.20.1-forge.jar": {
    "modId": "notenoughcrashes",
    "version": "4.4.7+1.20.1"
  },
  "nyfsspiders-forge-1.20.1-2.1.1.jar": {
    "modId": "nyfsspiders",
    "version": "2.1.1"
  },
  "observable-4.4.1.jar": {
    "modId": "observable",
    "version": "4.4.1"
  },
  "oculus-mc1.20.1-1.8.0.jar": {
    "modId": "oculus",
    "version": "1.8.0"
  },
  "Oh-The-Biomes-Weve-Gone-Forge-1.5.4.jar": {
    "modId": "biomeswevegone",
    "version": "1.5.4"
  },
  "Oh-The-Trees-Youll-Grow-forge-1.20.1-1.3.4.jar": {
    "modId": "ohthetreesyoullgrow",
    "version": "1.20.1-1.3.4"
  },
  "OverflowingBars-v8.0.1-1.20.1-Forge.jar": {
    "modId": "overflowingbars",
    "version": "8.0.1"
  },
  "owo-lib-0.11.2+1.20.jar": {
    "modId": "owo",
    "version": "0.11.2+1.20"
  },
  "Patchouli-1.20.1-84-FORGE.jar": {
    "modId": "patchouli",
    "version": "1.20.1-84-FORGE"
  },
  "Paxi-1.20-Forge-4.0.jar": {
    "modId": "paxi",
    "version": "1.20-Forge-4.0"
  },
  "piglinproliferation-1.20.1-1.2.5.jar": {
    "modId": "piglinproliferation",
    "version": "1.20.1-1.2.5"
  },
  "Placebo-1.20.1-8.6.2.jar": {
    "modId": "placebo",
    "version": "8.6.2"
  },
  "player-animation-lib-forge-1.0.2-rc1+1.20.jar": {
    "modId": "playeranimator",
    "version": "1.0.2-rc1+1.20"
  },
  "PuzzlesLib-v8.1.25-1.20.1-Forge.jar": {
    "modId": "puzzleslib",
    "version": "8.1.25"
  },
  "Raided-1.20.1-0.1.4.jar": {
    "modId": "raided",
    "version": "0.1.4"
  },
  "rebind_narrator-forge-1.20.1-2.0.2.jar": {
    "modId": "rebind_narrator",
    "version": "2.0.2"
  },
  "recipeessentials-1.20.1-3.9.jar": {
    "modId": "recipeessentials",
    "version": "1.20.1-3.9"
  },
  "REIPluginCompatibilities-forge-12.0.93.jar": {
    "modId": "rei_plugin_compatibilities",
    "version": "12.0.93"
  },
  "remote_player_waypoints_for_xaero-forge-3.2.3-1.20-1.20.1.jar": {
    "modId": "remote_player_waypoints_for_xaero",
    "version": "3.2.3"
  },
  "repurposed_structures-7.1.15+1.20.1-forge.jar": {
    "modId": "repurposed_structures",
    "version": "7.1.15+1.20.1-forge"
  },
  "resourcefulconfig-forge-1.20.1-2.1.2.jar": {
    "modId": "resourcefulconfig",
    "version": "2.1.2"
  },
  "resourcefullib-forge-1.20.1-2.1.29.jar": {
    "modId": "resourcefullib",
    "version": "2.1.29"
  },
  "riverredux-0.3.1.jar": {
    "modId": "riverredux",
    "version": "0.3.1"
  },
  "RoughlyEnoughItems-12.1.785-forge.jar": {
    "modId": "roughlyenoughitems",
    "version": "12.1.785"
  },
  "saturn-mc1.20.1-0.1.3.jar": {
    "modId": "saturn",
    "version": "0.1.3"
  },
  "savage_and_ravage-1.20.1-6.0.0.jar": {
    "modId": "savage_and_ravage",
    "version": "6.0.0"
  },
  "scarecrowsterritory-1.1.11e-forge-mc1.20.jar": {
    "modId": "scarecrowsterritory",
    "version": "1.1.11e"
  },
  "sculktransporting-1.20.1-1.2.jar": {
    "modId": "sculktransporting",
    "version": "1.2"
  },
  "Searchables-forge-1.20.1-1.0.3.jar": {
    "modId": "searchables",
    "version": "1.0.3"
  },
  "servercore-forge-1.5.2+1.20.1.jar": {
    "modId": "servercore",
    "version": "1.5.2+1.20.1"
  },
  "ServerTabInfo-1.20-1.3.8.jar": {
    "modId": "servertabinfo",
    "version": "1.3.8"
  },
  "Shields+-1.11.7-mc1.20.1.jar": {
    "modId": "shieldsplus",
    "version": "1.11.7-mc1.20.1"
  },
  "sit-1.20.1-1.3.5.jar": {
    "modId": "sit",
    "version": "1.3.5"
  },
  "smallships-forge-1.20.1-2.0.0-b1.4.jar": {
    "modId": "smallships",
    "version": "2.0.0-b1.4"
  },
  "smoothchunk-1.20.1-4.0.jar": {
    "modId": "smoothchunk",
    "version": "1.20.1-4.0"
  },
  "snowundertrees-1.20.1-1.4.8.jar": {
    "modId": "snowundertrees",
    "version": "1.4.8"
  },
  "sophisticatedbackpacks-1.20.1-3.23.2.1186.jar": {
    "modId": "sophisticatedbackpacks",
    "version": "3.23.2.1186"
  },
  "sophisticatedcore-1.20.1-1.2.2.847.jar": {
    "modId": "sophisticatedcore",
    "version": "1.2.2.847"
  },
  "sound-physics-remastered-forge-1.20.1-1.4.8.jar": {
    "modId": "sound_physics_remastered",
    "version": "1.20.1-1.4.8"
  },
  "spark-1.10.53-forge.jar": {
    "modId": "spark",
    "version": "1.10.53"
  },
  "starlight-1.1.2+forge.1cda73c.jar": {
    "modId": "starlight",
    "version": "1.1.2+forge.1cda73c"
  },
  "Steam_Rails-1.6.7+forge-mc1.20.1.jar": {
    "modId": "railways",
    "version": "1.6.7+forge-mc1.20.1"
  },
  "StorageDrawers-1.20.1-12.9.13.jar": {
    "modId": "storagedrawers",
    "version": "12.9.13"
  },
  "structure_gel-1.20.1-2.16.2.jar": {
    "modId": "structure_gel",
    "version": "2.16.2"
  },
  "structureessentials-1.20.1-4.2.jar": {
    "modId": "structureessentials",
    "version": "1.20.1-4.2"
  },
  "supermartijn642configlib-1.1.8-forge-mc1.20.jar": {
    "modId": "supermartijn642configlib",
    "version": "1.1.8"
  },
  "supermartijn642corelib-1.1.18-forge-mc1.20.1.jar": {
    "modId": "supermartijn642corelib",
    "version": "1.1.18"
  },
  "supplementaries-1.20-3.1.12.jar": {
    "modId": "supplementaries",
    "version": "1.20-3.1.12"
  },
  "Swampex 1.0.3 (1.20.1).jar": {
    "modId": "swampex",
    "version": "1.0.4"
  },
  "Tab-Stats-1.20-1.0.5.jar": {
    "modId": "tabstats",
    "version": "1.0.5"
  },
  "takesapillage-1.0.3-1.20.1.jar": {
    "modId": "takesapillage",
    "version": "1.0.3"
  },
  "TConstruct-1.20.1-3.9.1.19.jar": {
    "modId": "tconstruct",
    "version": "3.9.1.19"
  },
  "TerraBlender-forge-1.20.1-3.0.1.7.jar": {
    "modId": "terrablender",
    "version": "3.0.1.7"
  },
  "the-conjurer-1.20.1-1.1.6.jar": {
    "modId": "conjurer_illager",
    "version": "1.1.6"
  },
  "the_bumblezone-7.5.13+1.20.1-forge.jar": {
    "modId": "the_bumblezone",
    "version": "7.5.13+1.20.1-forge"
  },
  "tlc_forge-1.0.3-R-1.20.X.jar": {
    "modId": "tlc",
    "version": "1.0.2"
  },
  "ToastControl-1.20.1-8.0.3.jar": {
    "modId": "toastcontrol",
    "version": "8.0.3"
  },
  "toms_storage-1.20-1.7.0.jar": {
    "modId": "toms_storage",
    "version": "1.7.0"
  },
  "TravelersTitles-1.20-Forge-4.0.2.jar": {
    "modId": "travelerstitles",
    "version": "1.20-Forge-4.0.2"
  },
  "UniLib-1.0.5+1.20.1-forge.jar": {
    "modId": "unilib",
    "version": "1.0.5"
  },
  "UnionLib-1.20.1-10.2.7-Forge.jar": {
    "modId": "unionlib",
    "version": "10.2.7"
  },
  "unusualprehistory-1.5.0.3.jar": {
    "modId": "unusualprehistory",
    "version": "1.5.0.3"
  },
  "upgrade_aquatic-1.20.1-6.0.1.jar": {
    "modId": "upgrade_aquatic",
    "version": "6.0.1"
  },
  "VendingMachine-1.20-1.0.11.jar": {
    "modId": "vm",
    "version": "1.0.11"
  },
  "vinurl-1.1.2.jar": {
    "modId": "vinurl",
    "version": "1.1.2"
  },
  "voicechat-forge-1.20.1-2.5.26.jar": {
    "modId": "voicechat",
    "version": "1.20.1-2.5.26"
  },
  "waystones-forge-1.20-14.1.8.jar": {
    "modId": "waystones",
    "version": "14.1.8"
  },
  "whatareyouvotingfor2023-1.20.1-1.2.5.jar": {
    "modId": "whatareyouvotingfor",
    "version": "1.2.5"
  },
  "WitherSkeletonTweaks-1.20.1-9.1.0.jar": {
    "modId": "wstweaks",
    "version": "9.1.0"
  },
  "woodworks-1.20.1-3.0.1.jar": {
    "modId": "woodworks",
    "version": "3.0.1"
  },
  "worldedit-mod-7.2.15.jar": {
    "modId": "worldedit",
    "version": "7.2.15+6463-5ca4dff"
  },
  "Xaeros_Minimap_25.0.0_Forge_1.20.jar": {
    "modId": "xaerominimap",
    "version": "25.0.0"
  },
  "xaeros_waystones_compability-1.0.jar": {
    "modId": "w2w2",
    "version": "1.0"
  },
  "XaerosWorldMap_1.39.2_Forge_1.20.jar": {
    "modId": "xaeroworldmap",
    "version": "1.39.2"
  },
  "XaeroZoomout-Forge-1.20-1.1.0.jar": {
    "modId": "xaerozoomout",
    "version": "1.1.0"
  },
  "YungsApi-1.20-Forge-4.0.6.jar": {
    "modId": "yungsapi",
    "version": "1.20-Forge-4.0.6"
  },
  "YungsBetterDungeons-1.20-Forge-4.0.4.jar": {
    "modId": "betterdungeons",
    "version": "1.20-Forge-4.0.4"
  },
  "YungsBetterEndIsland-1.20-Forge-2.0.6.jar": {
    "modId": "betterendisland",
    "version": "1.20-Forge-2.0.6"
  },
  "YungsBetterJungleTemples-1.20-Forge-2.0.5.jar": {
    "modId": "betterjungletemples",
    "version": "1.20-Forge-2.0.5"
  },
  "YungsBetterMineshafts-1.20-Forge-4.0.4.jar": {
    "modId": "bettermineshafts",
    "version": "1.20-Forge-4.0.4"
  },
  "YungsBetterNetherFortresses-1.20-Forge-2.0.6.jar": {
    "modId": "betterfortresses",
    "version": "1.20-Forge-2.0.6"
  },
  "YungsBetterStrongholds-1.20-Forge-4.0.3.jar": {
    "modId": "betterstrongholds",
    "version": "1.20-Forge-4.0.3"
  },
  "YungsBetterWitchHuts-1.20-Forge-3.0.3.jar": {
    "modId": "betterwitchhuts",
    "version": "1.20-Forge-3.0.3"
  },
  "YungsBridges-1.20-Forge-4.0.3.jar": {
    "modId": "yungsbridges",
    "version": "1.20-Forge-4.0.3"
  },
  "YungsMenuTweaks-1.20.1-Forge-1.0.2.jar": {
    "modId": "yungsmenutweaks",
    "version": "1.20.1-Forge-1.0.2"
  },
  "zaynens_craftable_nametag_mod_1.20.1.jar": {
    "modId": "craftable_nametag",
    "version": "1.0.0"
  }
}